u_idx,p_idx,label
0,0,0.31083304
1,1,0.11213926
2,2,0.31083304
3,3,0.31083304
4,4,0.31083304
5,5,0.31083304
6,6,0.11213926
7,7,0.31083304
8,8,0.31083304
9,9,0.31083304
10,10,0.31083304
11,11,0.11213926
12,0,0.19869377
13,1,0.19869377
14,2,0.19869377
15,12,0.15804727
15,13,0.66884375
15,14,0.3376875
16,12,1.0
16,16,0.11213926
17,12,0.97314554
17,13,0.6419893
18,12,0.31083304
18,14,0.44329554
19,13,0.11213926
19,15,0.11213926
19,16,0.31083304
